CMLB	1	219	8e55d24d70bd86dd
tier	name	lat	lon	detail
0	Goregaon East	19.168261	72.854193	400063
0	Marine Lines	18.932880	72.826775	400020
0	Tagore Nagar	19.118099	72.931674	400083
0	Jacob Circle	18.986367	72.828527	400011
0	Mumbai Central	18.967801	72.826463	400008
0	Vile Parle East	19.101345	72.849387	400057
0	Nariman Point	18.925937	72.821116	400021
0	Dharavi	19.043249	72.854082	400017
0	Mahim	19.033360	72.842953	400016
0	Sewri	18.996967	72.855171	400015
0	Worli Colony	19.010328	72.819915	400030
0	Grant Road	18.963553	72.816382	400007
0	Mulund West	19.169978	72.944873	400080
0	Chembur	19.053933	72.903205	400071
0	Malad West	19.184398	72.839117	400064
0	Barve Nagar	19.096662	72.899583	400084
0	SEEPZ	19.123585	72.875132	400096
0	Worli	18.997288	72.815355	400018
0	Andhri East	19.123518	72.851862	400069
0	Girgaon	18.956712	72.821256	400004
0	Amtop Hill	19.027438	72.870518	400037
0	Bhawani Shankar	19.020397	72.837551	400028
0	Nehru Nagar	19.062718	72.883428	400024
0	Vikhroli	19.104207	72.923685	400079
0	Azadnagar	19.133593	72.827961	400053
0	Sahar Po	19.094979	72.866485	400099
0	Khar	19.069645	72.836204	400052
0	Rajawadi	19.078143	72.904494	400077
0	Tank Road	18.984250	72.846699	400033
0	Mumbai GPO	18.940910	72.837445	400001
0	Mandpeshwar	19.243942	72.850914	400103
0	Rajbhavan	18.942412	72.794373	400035
0	Matunga	19.027667	72.853365	400019
0	Cumballa Hill	18.967531	72.807531	400026
0	Bhandup East	19.129979	72.935311	400042
0	Mantaralaya	18.927441	72.826460	400032
0	Jogeshwari West	19.145129	72.840288	400102
0	Kurla	19.076962	72.884336	400070
0	Pant Nagar	19.084492	72.915564	400075
0	Malabarhill	18.952462	72.798499	400006
0	Kandivali West	19.209631	72.830175	400067
0	Parel	19.000637	72.840424	400012
0	Mazgaon	18.970070	72.843358	400010
0	Borivali West	19.220184	72.846974	400092
0	Bandra West	19.056816	72.829042	400050
0	Malad East	19.184494	72.866674	400097
0	VJB Udyan	18.977351	72.834841	400027
0	Dahisar	19.250270	72.864624	400068
0	Motilalnagar	19.162775	72.840224	400104
0	Tilak Nagar	19.067533	72.902271	400089
0	J.B.Nagar	19.112587	72.879267	400059
0	IIT Powai	19.115909	72.910113	400076
0	Sakinaka	19.109426	72.893950	400072
0	Kharodi	19.188179	72.809282	400095
0	Ghatkopar West	19.096540	72.912329	400086
0	Santacruz East	19.080210	72.848240	400055
0	Santacrus	19.080931	72.863198	400029
0	A M Colony	19.153901	72.871593	400065
0	Kalbadevi	18.948093	72.826571	400002
0	NITIE	19.137032	72.897827	400087
0	Wadala	19.013708	72.853463	400031
0	Borivali East	19.228963	72.867846	400066
0	Anu Shakti Nagar	19.038571	72.923255	400094
0	Bhandup Complex	19.161226	72.925690	400082
0	Mulund East	19.169713	72.962211	400081
0	FCI	19.031307	72.894249	400074
0	Borivali	19.240812	72.798929	400091
0	Sion	19.048360	72.873067	400022
0	Andheri	19.123496	72.841340	400058
0	Dadar	19.012041	72.844431	400014
0	Bhandup West	19.149602	72.931907	400078
0	Colaba	18.904567	72.810576	400005
0	Jogeshwari East	19.135479	72.855653	400060
0	Bandra East	19.060575	72.848001	400051
0	Juhu	19.108225	72.827693	400049
0	Vile Parle West	19.099296	72.837404	400056
0	Chinchbunder	18.957200	72.838384	400009
0	Versova	19.160756	72.790749	400061
0	Vidyanagari	19.072822	72.861400	400098
0	Mandvi	18.950839	72.835062	400003
0	Chakala MIDC	19.122964	72.864230	400093
0	T F Deonar	19.045151	72.950545	400088
0	Delisle Road	19.000938	72.827755	400013
0	Prabhadevi	19.013240	72.828326	400025
0	Kandivali East	19.204570	72.867367	400101
0	Santacruz West	19.081077	72.835127	400054
0	Shivaji Nagar	19.059775	72.922883	400043
0	BARC	19.021827	72.928054	400085
0	Tulsiwadi	18.978025	72.816820	400034
1	Chhatrapati Shivaji Maharaj Terminus	18.939899	72.835324	
1	Banganga Tank	18.945476	72.793625	
1	Haji Ali Dargah	18.982823	72.808993	
1	Elephanta Caves	18.963410	72.931359	
1	Afghan Church	18.906465	72.816225	
1	Global Pagoda	19.228220	72.805963	
1	Flora Fountain	18.932489	72.831502	
1	Veermata Jijabai Bhosale Zoo & Botanical Garden	18.978250	72.836889	
1	Keneseth Eliyahoo Synagogue	18.928122	72.832590	
1	Kamala Nehru Park	18.954902	72.804887	
1	Sanjay Gandhi National Park	19.209324	72.916327	
1	Gateway of India	18.921961	72.834561	
1	Versova Beach	19.130563	72.812914	
1	Dhobi Ghat Viewpoint	18.982048	72.824700	
1	Sion Fort	19.046624	72.867623	
1	Nariman Point	18.925343	72.818028	
1	Mahatma Jyotiba Phule Market	18.947668	72.834730	
1	Sewri Fort	19.000617	72.860145	
1	Marine Drive, Mumbai	18.941487	72.823846	
1	Mount Mary Church	19.046555	72.822617	
1	Riwa Fort	19.050990	72.860165	
1	Mahim Fort	19.042011	72.838127	
1	Our Lady of Egypt Church Kalina	19.078450	72.869265	
1	Wankhede Stadium	18.938493	72.825518	
1	Holy Cross Church	19.083484	72.887055	
1	Mahindra Hockey Stadium	18.937413	72.826223	
1	Gloria Church	18.975123	72.834353	
1	St, Michael's Church	19.042781	72.840731	
1	Magen David Synagogue	18.966963	72.832052	
1	Saint Andrew's	19.055094	72.824516	
1	Brabourne Stadium	18.932283	72.825246	
1	Walkeshwar Temple	18.945625	72.793180	
1	Mahalakshmi Mandir	18.977369	72.806466	
1	Portuguese Church	19.018640	72.836364	
1	Mumbai Football Arena	19.129126	72.835452	
1	Chaitya Bhumi	19.025087	72.833828	
1	Taraporewala Aquarium	18.949188	72.819922	
1	St. John the Baptist Church	19.121741	72.874401	
1	Khada Parsi	18.971581	72.832448	
1	Worli Fort	19.023684	72.816846	
1	Bowen Memorial Methodist Church	18.923356	72.832655	
1	INS Vikrant Memorial	18.925544	72.832666	
1	Mahalaxmi Racecourse	18.985886	72.818499	
1	Mannat Lands End (Shah Rukh Khan's Bungalow)	19.046835	72.820114	
1	St John The Baptist Shrine/Oratory	19.048195	72.825897	
1	Essel World and Water Kingdom	19.231771	72.805443	
1	Sanjay Gandhi National Park Entrance	19.231517	72.863658	
1	Abu Village	19.164043	72.888919	
1	Galaxy (Salman Khan House)	19.054035	72.823484	
1	Girgaum Chowpatty Beach	18.954839	72.811418	
1	Indian National Kennel Club	18.928333	72.827871	
1	Mangaldas Market	18.947974	72.832347	
1	Madh Chowpatty	19.151431	72.786929	
1	Marine Drive	18.928365	72.820738	
1	Flamingo Point	18.995589	72.861522	
1	Jai Kisan Mandai	19.062762	72.898017	
1	Sujona chembers	19.049679	72.914688	
1	Astro Park-Dadar Salvation Turf	19.017513	72.835043	
1	Kwan Tai Shek Temple	18.966050	72.846772	
1	Vedic Park	19.132888	72.898249	
1	Chhatrapati Shivaji Maharaj Vastu Sangrahalaya	18.926801	72.832572	
1	Asiatic Society Town Hall	18.931801	72.836265	
1	National Centre for the Performing Arts	18.925735	72.819786	
1	Royal Opera House	18.956048	72.815571	
1	Jehangir Art Gallery	18.927399	72.831706	
1	Mani Bhavan	18.959910	72.811500	
1	Dr. Bhau Daji Lad Museum	18.979227	72.834824	
1	Nehru Science Centre	18.991031	72.819054	
1	Prithvi Theatre	19.106189	72.825644	
1	Nehru Planetarium	18.990673	72.818600	
1	Metro INOX Cinema	18.942856	72.829091	
1	National Gallery of Modern Art	18.925838	72.831385	
1	The Asiatic Society of Mumbai	18.932147	72.836264	
1	Experimental Theatre	18.925525	72.820080	
1	Maratha Mandir Theatre	18.971119	72.822141	
1	Bhau Daji Lad Museum (Victoria & Albert Museum)	18.979164	72.834801	
1	Sir David Sassoon Library	18.927691	72.831155	
1	Sterling Theatre	18.938423	72.832946	
1	Jamshed Bhabha Theatre	18.925029	72.819857	
1	Chemould Prescott Road	18.935378	72.832187	
1	The Bombay Art Society	19.051696	72.832746	
1	Paradox Museum	18.936286	72.831787	
1	Nita Mukesh Ambani Cultural Centre	19.065378	72.867007	
1	Fine Arts Society and Cultural Center	19.061027	72.897065	
1	Custard Apple Pictures	19.136851	72.832585	
1	Roxy Cinemas	18.955277	72.816446	
1	Carnival Cinemas	19.031537	72.881194	
1	Municipal Amphitheatre	19.237482	72.849850	
1	Read And Share Library	19.153709	72.944812	
1	Infiniti Mall	19.141251	72.831056	
1	Pherozeshah Mehta Gardens (Hanging Gardens)	18.956582	72.804798	
1	Horniman Circle Garden	18.932004	72.835009	
1	Maharashtra Nature Park	19.052477	72.861859	
1	Priyadarshini Park	18.958239	72.799419	
1	Joggers' Park	19.059863	72.821418	
1	Garden A, Five Gardens	19.020198	72.853102	
1	Shivaji Park	19.026769	72.836669	
1	Shivaji Park	19.026667	72.838347	
1	August Kranti Maidan	18.962498	72.809752	
1	Hutatma Chowk	18.932789	72.831603	
1	Poisar Gymkhana	19.211117	72.844913	
1	BMC Park	19.140329	72.813764	
1	Mumbai Port Trust Garden	18.910881	72.823379	
1	Malla Park	19.063696	72.826028	
1	Homi Bhabha Park	19.036758	72.925234	
1	Shree Duttguru Sangharsh Park	19.216694	72.818259	
1	Sardar Pratap Singh Garden	19.180673	72.938752	
1	Racecourse Ground	18.984051	72.819531	
1	Dinkar Park	19.079067	72.844054	
1	BWSL Promenade	19.047227	72.831324	
1	Mother Teresa Brihanmumbai Mahanagarpalika Udyan	19.082079	72.885026	
1	Anuban	19.039191	72.937434	
1	KELKAR GROUND	19.199780	72.838062	
1	Adarsh garden	19.196131	72.843802	
1	Almeida Park	19.057541	72.831472	
1	Kala Ghoda	18.928458	72.832599	
1	Chor Bazaar	18.959352	72.829914	
1	Gilbert Hill	19.120577	72.839801	
1	Café Zoé	19.000069	72.830283	
1	Mahalaxmi	18.982232	72.823937	
1	Bandstand Promenade	19.051014	72.821384	
1	Sassoon Docks	18.911877	72.826184	
1	Worli Sea Face	19.000912	72.812047	
1	Marine Drive	18.942381	72.823451	
1	Juhu Beach	19.097120	72.826858	
1	Rajabai Clock Tower	18.929654	72.830027	
1	Siddhivinayak Temple	19.016881	72.830396	
1	Mount Mary Church Steps	19.047018	72.824043	
1	Powai Lake Bike Pathways	19.121977	72.906745	
1	Worli Village	19.016916	72.820083	
